{
  "name": "elliptical-template",
  "description": "Real-time dustjs MVC template provider",
  "version": "1.0.15",
  "main": "dist/elliptical-template.js",
  "authors": [
    "S. Francis"
  ],
  "license": "MIT",
  "keywords": [
    "dustjs",
    "template"
  ],
  "moduleType": [],
  "homepage": "https://github.com/ellipticaljs/template",
  "ignore": [
    "**/.*",
    "node_modules",
    "bower_components",
    "test",
    "tests",
    ".gitignore",
    ".npmignore",
    "gulpfile.js",
    "lib",
    "docs",
    "index.js",
    "umd.js",
    "package.json",
    "demo",
    "index.html",
    "build.json",
    "bundle.json",
    ".nvmrc",
    ".eslintrc",
    "bin",
    "CHANGELOG.md",
    "demos",
    "stylesheets",
    "_index.scss",
    "bk"
  ],
  "dependencies": {
    "elliptical-class": "~1.0.7",
    "elliptical-utils": "~2.1.0",
    "elliptical-dustjs": "~2.7.11",
    "elliptical-dust-helpers": "~1.0.7",
    "jquery-extensions": "~1.0.7"
  },
  "_release": "1.0.15",
  "_resolution": {
    "type": "version",
    "tag": "v1.0.15",
    "commit": "30ec88087042d8dd8b153c2b580e67bd84d13105"
  },
  "_source": "https://github.com/ellipticaljs/template.git",
  "_target": "~1.0.2",
  "_originalSource": "elliptical-template"
}