{
  "name": "angular-resource",
  "version": "1.4.14",
  "license": "MIT",
  "main": "./angular-resource.js",
  "ignore": [],
  "dependencies": {
    "angular": "1.4.14"
  },
  "homepage": "https://github.com/angular/bower-angular-resource",
  "_release": "1.4.14",
  "_resolution": {
    "type": "version",
    "tag": "v1.4.14",
    "commit": "65c13df9323a5df5783fd9b2738172f04578dc6c"
  },
  "_source": "https://github.com/angular/bower-angular-resource.git",
  "_target": "~1.4.8",
  "_originalSource": "angular-resource"
}