{
  "name": "ngPlacesAutocomplete",
  "version": "1.2.4",
  "authors": [
    "Dave <david.losert@gmx.de>"
  ],
  "description": "A Directive to easily add the autocomplete feature of the Google Places Service to a textbox.",
  "main": "ngPlacesAutocomplete.min.js",
  "keywords": [
    "autocomplete",
    "autocompletion",
    "google maps",
    "googlemapsapi",
    "google places"
  ],
  "license": "MIT",
  "ignore": [
    "**/.*",
    "node_modules",
    "bower_components",
    "test",
    "tests",
    "example"
  ],
  "dependencies": {
    "angular": ">=1.2.*"
  },
  "homepage": "https://github.com/Charminbear/ngPlacesautocomplete",
  "_release": "1.2.4",
  "_resolution": {
    "type": "version",
    "tag": "1.2.4",
    "commit": "57cb9e10df0335c5089986d12ae712101132a68b"
  },
  "_source": "https://github.com/Charminbear/ngPlacesautocomplete.git",
  "_target": "^1.2.4",
  "_originalSource": "ng-places-autocomplete",
  "_direct": true
}