{
  "name": "angular-loaders",
  "version": "1.0.0",
  "authors": [
    "Cormoran <alexjoffroy@github.com>"
  ],
  "description": "Set of directives to implement the awesome library Loaders.css",
  "main": "./dist/angular-loaders.js",
  "keywords": [
    "angular",
    "directive",
    "loader",
    "animations",
    "css"
  ],
  "license": "MIT",
  "homepage": "https://github.com/alexjoffroy/angular-loaders",
  "ignore": [
    "**/.*",
    "node_modules",
    "bower_components",
    "test",
    "tests"
  ],
  "_release": "1.0.0",
  "_resolution": {
    "type": "version",
    "tag": "1.0.0",
    "commit": "241db89b3d4c2e284759d0a4bf61fe9aa1039076"
  },
  "_source": "https://github.com/the-cormoran/angular-loaders.git",
  "_target": "^1.0.0",
  "_originalSource": "angular-loaders",
  "_direct": true
}