{
  "name": "polymer",
  "version": "1.9.1",
  "main": [
    "polymer.html",
    "polymer-mini.html",
    "polymer-micro.html"
  ],
  "license": "http://polymer.github.io/LICENSE.txt",
  "ignore": [
    "/.*",
    "/test/",
    "/util/",
    "/explainer/",
    "gulpfile.js",
    "PRIMER.md",
    "CONTRIBUTING.md",
    "CHANGELOG.md"
  ],
  "authors": [
    "The Polymer Authors (http://polymer.github.io/AUTHORS.txt)"
  ],
  "repository": {
    "type": "git",
    "url": "https://github.com/Polymer/polymer.git"
  },
  "dependencies": {
    "webcomponentsjs": "^0.7.24"
  },
  "devDependencies": {
    "web-component-tester": "*",
    "iron-component-page": "polymerElements/iron-component-page#^1.1.6"
  },
  "private": true,
  "homepage": "https://github.com/Polymer/polymer",
  "_release": "1.9.1",
  "_resolution": {
    "type": "version",
    "tag": "v1.9.1",
    "commit": "9f3381a3d92c62d64cbf0296f7c967898a30d63d"
  },
  "_source": "https://github.com/Polymer/polymer.git",
  "_target": "^1.0.0",
  "_originalSource": "Polymer/polymer"
}