{
  "name": "angular-underscore-module",
  "version": "1.0.3",
  "main": "./angular-underscore-module.js",
  "dependencies": {
    "underscore": "~1.8"
  },
  "homepage": "https://github.com/andresesfm/angular-underscore-module",
  "_release": "1.0.3",
  "_resolution": {
    "type": "version",
    "tag": "v1.0.3",
    "commit": "e6b72c3671269bfb8e405087c87941076ba35933"
  },
  "_source": "https://github.com/andresesfm/angular-underscore-module.git",
  "_target": "^1.0.3",
  "_originalSource": "angular-underscore-module"
}