{
  "name": "angularjs-datepicker",
  "version": "2.1.17",
  "description": "A datepicker directive for angularjs.",
  "authors": [
    "Filippo Oretti <filippo.oretti@gmail.com",
    "Dario Andrei <wouldgo84@gmail.com>"
  ],
  "keywords": [
    "date",
    "datepicker",
    "input",
    "angularjs",
    "angular",
    "input"
  ],
  "license": "MIT",
  "main": [
    "./dist/angular-datepicker.css",
    "./dist/angular-datepicker.js",
    "./dist/angular-datepicker.sourcemap.map"
  ],
  "homepage": "http://720kb.github.io/angular-datepicker",
  "ignore": [
    "**/.*",
    "node_modules",
    "bower_components",
    "test",
    "tests"
  ],
  "_release": "2.1.17",
  "_resolution": {
    "type": "version",
    "tag": "2.1.17",
    "commit": "0ea4b99513bf6d2e5c92f852e9df08bbed287a99"
  },
  "_source": "https://github.com/720kb/angular-datepicker.git",
  "_target": "^2.1.17",
  "_originalSource": "angularjs-datepicker",
  "_direct": true
}