{
  "name": "elliptical-utils",
  "description": "es6 javascript utilities lib",
  "version": "2.1.3",
  "main": "dist/elliptical.utils.js",
  "authors": [
    "S. Francis"
  ],
  "license": "MIT",
  "keywords": [
    "es6",
    "javascript",
    "utilities",
    "library"
  ],
  "homepage": "https://github.com/ellipticaljs/utils",
  "moduleType": [],
  "ignore": [
    "**/.*",
    "node_modules",
    "bower_components",
    "test",
    "tests",
    "compiled",
    "lib",
    ".gitignore",
    ".npmignore",
    "build.json",
    "gulpfile.js",
    "package.json",
    "index.js"
  ],
  "_release": "2.1.3",
  "_resolution": {
    "type": "version",
    "tag": "v2.1.3",
    "commit": "526db3472f73990c0d555dd36dfb77112d1ca97d"
  },
  "_source": "https://github.com/ellipticaljs/utils.git",
  "_target": "~2.1.2",
  "_originalSource": "elliptical-utils"
}