{
  "name": "elliptical-viewdata",
  "description": "ViewData getter/setter",
  "version": "1.0.3",
  "main": "elliptical-viewdata.html",
  "authors": [
    "S. Francis"
  ],
  "license": "MIT",
  "keywords": [
    "web",
    "viewdata"
  ],
  "moduleType": [],
  "homepage": "https://github.com/ellipticaljs/viewdata",
  "ignore": [
    "**/.*",
    "node_modules",
    "bower_components",
    "test",
    "tests",
    ".gitignore",
    ".npmignore",
    "gulpfile.js",
    "lib",
    "docs",
    "index.js",
    "umd.js",
    "package.json",
    "demo",
    "build.json",
    "bundle.json",
    ".nvmrc",
    ".eslintrc",
    "bin",
    "CHANGELOG.md",
    "demos",
    "stylesheets",
    "_index.scss",
    "bk"
  ],
  "dependencies": {},
  "_release": "1.0.3",
  "_resolution": {
    "type": "version",
    "tag": "v1.0.3",
    "commit": "ddee6019828af1781356aae375b1f7909d28eb7b"
  },
  "_source": "https://github.com/ellipticaljs/viewdata.git",
  "_target": "~1.0.3",
  "_originalSource": "elliptical-viewdata"
}