{
  "name": "moment-import",
  "description": "reference the moment library using html imports",
  "version": "1.0.1",
  "main": "moment-import.html",
  "authors": [
    "S. Francis"
  ],
  "license": "MIT",
  "keywords": [
    "web",
    "components",
    "moment",
    "html imports"
  ],
  "moduleType": [],
  "homepage": "https://github.com/ellipticaljs/moment-import",
  "ignore": [
    "**/.*",
    "node_modules",
    "bower_components",
    "test",
    "tests"
  ],
  "dependencies": {
    "moment": "~2.12.0"
  },
  "_release": "1.0.1",
  "_resolution": {
    "type": "version",
    "tag": "v1.0.1",
    "commit": "4cdff85f9bb3c79d9cb053c8eda11b74a414aa37"
  },
  "_source": "https://github.com/ellipticaljs/moment-import.git",
  "_target": "~1.0.0",
  "_originalSource": "moment-import"
}