{
  "name": "intl-tel-input",
  "main": [
    "./build/js/intlTelInput.js",
    "./build/css/intlTelInput.css"
  ],
  "dependencies": {
    "jquery": ">=1.7"
  },
  "homepage": "https://github.com/Bluefieldscom/intl-tel-input",
  "version": "11.0.8",
  "_release": "11.0.8",
  "_resolution": {
    "type": "version",
    "tag": "v11.0.8",
    "commit": "4c786575411e3755c02f4e7b9d163ee2086564ef"
  },
  "_source": "https://github.com/Bluefieldscom/intl-tel-input.git",
  "_target": "^11.0.8",
  "_originalSource": "intl-tel-input",
  "_direct": true
}