{
  "name": "angular-messages",
  "version": "1.4.14",
  "license": "MIT",
  "main": "./angular-messages.js",
  "ignore": [],
  "dependencies": {
    "angular": "1.4.14"
  },
  "homepage": "https://github.com/angular/bower-angular-messages",
  "_release": "1.4.14",
  "_resolution": {
    "type": "version",
    "tag": "v1.4.14",
    "commit": "fef272946c9ed9bb9cbe7f783632f891ea0e072c"
  },
  "_source": "https://github.com/angular/bower-angular-messages.git",
  "_target": "~1.4.7",
  "_originalSource": "angular-messages"
}