{
  "name": "angular-slider",
  "description": "Slider directive implementation for AngularJS, without jQuery dependencies.",
  "main": "slider.js",
  "keywords": [
    "angular",
    "slider",
    "jquery",
    "jquery-ui"
  ],
  "devDependencies": {
    "compass": "latest",
    "coffee-script": "latest"
  },
  "author": "PopSugar",
  "license": "MIT",
  "readmeFilename": "README.md",
  "homepage": "https://github.com/PopSugar/angular-slider",
  "version": "0.3.2",
  "_release": "0.3.2",
  "_resolution": {
    "type": "version",
    "tag": "v0.3.2",
    "commit": "60f9298896caeb859010f3d51e9559a76f13f18c"
  },
  "_source": "https://github.com/PopSugar/angular-slider.git",
  "_target": "^0.3.2",
  "_originalSource": "angular-slider",
  "_direct": true
}