{
  "name": "jquery-extensions",
  "description": "jquery extensions library",
  "version": "1.0.15",
  "main": "dist/jquery.extensions.js",
  "authors": [
    "S. Francis"
  ],
  "license": "MIT",
  "keywords": [
    "jquery",
    "extensions"
  ],
  "homepage": "https://github.com/ellipticaljs/jquery-extensions",
  "moduleType": [],
  "ignore": [
    "**/.*",
    "node_modules",
    "bower_components",
    "test",
    "tests",
    ".gitignore",
    ".npmignore",
    "gulpfile.js",
    "lib",
    "docs",
    "index.js",
    "umd.js",
    "package.json",
    "demo",
    "index.html",
    "build.json",
    "bundle.json"
  ],
  "dependencies": {
    "jquery-import": "~1.0.2"
  },
  "_release": "1.0.15",
  "_resolution": {
    "type": "version",
    "tag": "v1.0.15",
    "commit": "74cf3666722b1420d76e0ba0218a6d8c0bcc6c6f"
  },
  "_source": "https://github.com/ellipticaljs/jquery-extensions.git",
  "_target": "~1.0.0",
  "_originalSource": "jquery-extensions"
}