{
  "name": "ng-file-upload-shim",
  "main": "ng-file-upload-shim.js",
  "homepage": "https://github.com/danialfarid/ng-file-upload",
  "dependencies": {
    "angular": ">1.2.0",
    "ng-file-upload": ">6.0.3"
  },
  "authors": [
    "danialf <danial.farid@gmail.com>"
  ],
  "description": "shim for ng-file-upload for non html5 browsers IE8-9",
  "ignore": [],
  "license": "MIT",
  "version": "12.2.13",
  "_release": "12.2.13",
  "_resolution": {
    "type": "version",
    "tag": "12.2.13",
    "commit": "a19bd0ce6be0f120fa7e3a6595319ea59d46bc16"
  },
  "_source": "https://github.com/danialfarid/angular-file-upload-shim-bower.git",
  "_target": "^12.2.13",
  "_originalSource": "ng-file-upload-shim"
}