{
  "name": "elliptical-class",
  "description": "es5 Class Abstraction",
  "version": "1.0.8",
  "main": "dist/elliptical.class.js",
  "authors": [
    "S. Francis"
  ],
  "license": "MIT",
  "keywords": [
    "es5",
    "Class"
  ],
  "moduleType": [],
  "homepage": "https://github.com/ellipticaljs/class",
  "ignore": [
    "**/.*",
    "node_modules",
    "bower_components",
    "test",
    "tests",
    ".gitignore",
    ".npmignore",
    "gulpfile.js",
    "lib",
    "docs",
    "index.js",
    "umd.js",
    "package.json",
    "demo",
    "index.html"
  ],
  "dependencies": {
    "elliptical-utils": "~2.1.0"
  },
  "_release": "1.0.8",
  "_resolution": {
    "type": "version",
    "tag": "v1.0.8",
    "commit": "e4301ca7bd856565484761c28d4598ff1f27e4ee"
  },
  "_source": "https://github.com/ellipticaljs/class.git",
  "_target": "~1.0.7",
  "_originalSource": "elliptical-class"
}