{
  "name": "jquery-import",
  "description": "reference jquery library using html imports",
  "version": "1.0.6",
  "main": "jquery-import.html",
  "authors": [
    "S. Francis"
  ],
  "license": "MIT",
  "keywords": [
    "web",
    "components",
    "jquery",
    "html imports"
  ],
  "moduleType": [],
  "homepage": "https://github.com/ellipticaljs/jquery-import",
  "ignore": [
    "**/.*",
    "node_modules",
    "bower_components",
    "test",
    "tests"
  ],
  "dependencies": {
    "jquery": "^3.1.1"
  },
  "_release": "1.0.6",
  "_resolution": {
    "type": "version",
    "tag": "v1.0.6",
    "commit": "90218530fdddd4c2a140e85fa3677c18ded00017"
  },
  "_source": "https://github.com/ellipticaljs/jquery-import.git",
  "_target": "^1.0.2",
  "_originalSource": "jquery-import"
}