{
  "name": "angular-scroll",
  "version": "0.7.3",
  "main": "angular-scroll.js",
  "ignore": [
    "**/.*",
    "node_modules",
    "bower_components",
    "test",
    "tests",
    "package.json",
    "src",
    "Gruntfile.js"
  ],
  "dependencies": {
    "angular": "^1.2.16"
  },
  "devDependencies": {
    "angular-mocks": "^1.2.16"
  },
  "resolutions": {
    "angular": "^1.2.16"
  },
  "homepage": "https://github.com/oblador/angular-scroll",
  "_release": "0.7.3",
  "_resolution": {
    "type": "version",
    "tag": "v0.7.3",
    "commit": "f9b70c4341f76cec510e4c5843fcf52e05b6d1b5"
  },
  "_source": "https://github.com/oblador/angular-scroll.git",
  "_target": "~0.7.2",
  "_originalSource": "angular-scroll"
}