{
  "name": "component-extensions",
  "description": "prototype extensions/behaviors for web components",
  "version": "1.1.3",
  "main": "dist/component-extensions.js",
  "authors": [
    "S. Francis"
  ],
  "license": "MIT",
  "keywords": [
    "prototype",
    "extensions",
    "for",
    "web",
    "components"
  ],
  "homepage": "https://github.com/ellipticaljs/component-extensions",
  "moduleType": [],
  "ignore": [
    "**/.*",
    "node_modules",
    "bower_components",
    "test",
    "tests",
    ".gitignore",
    ".npmignore",
    "gulpfile.js",
    "lib",
    "docs",
    "index.js",
    "umd.js",
    "package.json",
    "demo",
    "index.html",
    "build.json",
    "bundle.json",
    ".nvmrc",
    ".eslintrc",
    "bin",
    "CHANGELOG.md",
    "demos",
    "bk"
  ],
  "dependencies": {
    "jquery-extensions": "~1.0.0",
    "elliptical-utils": "~2.1.0"
  },
  "_release": "1.1.3",
  "_resolution": {
    "type": "version",
    "tag": "v1.1.3",
    "commit": "1cd3875fa2d9c2d384bd2311b3740068c6ea89f4"
  },
  "_source": "https://github.com/ellipticaljs/component-extensions.git",
  "_target": "~1.1.0",
  "_originalSource": "component-extensions"
}