{
  "name": "async-import",
  "description": "reference the async library using html imports",
  "version": "1.0.1",
  "main": "async-import.html",
  "authors": [
    "S. Francis"
  ],
  "license": "MIT",
  "keywords": [
    "web",
    "components",
    "async",
    "html imports"
  ],
  "moduleType": [],
  "homepage": "https://github.com/ellipticaljs/async-import",
  "ignore": [
    "**/.*",
    "node_modules",
    "bower_components",
    "test",
    "tests"
  ],
  "dependencies": {
    "async": "~1.5.2"
  },
  "_release": "1.0.1",
  "_resolution": {
    "type": "version",
    "tag": "v1.0.1",
    "commit": "cdceca7fcb7ba9a6c7e75e93c941bceaf79ea9c2"
  },
  "_source": "https://github.com/ellipticaljs/async-import.git",
  "_target": "~1.0.1",
  "_originalSource": "async-import"
}